,home_lat,home_lon,office_lat,office_lon,Distance,Baseline_time
0,12.9716,77.5946,12.9357,77.6194,6.3901,11.065
1,12.9607,77.609,12.9357,77.5895,6.1373999999999995,10.745000000000001
